-- SCRIPT DE EMPLEADOS (SEMANA 12 - CAMPUS VIRTUAL TEORIA DE BASE DE DATOS)
-- Nombre del archivo: "Crea_BDMain-2022_2.sql"
-- SGBD Sybase SQL Anywhere V11
-- Autor: Dr. Hugo Caselli Gismondi
CREATE TABLE REGIONS(
        REGION_ID INTEGER PRIMARY KEY,
        REGION_NAME CHAR(25),
        )

INSERT INTO REGIONS VALUES(1,'Europe');
INSERT INTO REGIONS VALUES(2,'Americas');
INSERT INTO REGIONS VALUES(3,'Asia');
INSERT INTO REGIONS VALUES(4,'Middle East and Africa');

SELECT * FROM REGIONS;


--ALTER TABLE COUNTRIES DROP PRIMARY KEY CASCADE;
--DROP TABLE COUNTRIES;
CREATE TABLE COUNTRIES(
        COUNTRY_ID CHAR(2) PRIMARY KEY,
        COUNTRY_NAME CHAR(40),
        FOREIGN KEY REGION_ID REFERENCES REGIONS
        )


INSERT INTO COUNTRIES VALUES('CA','Canada',2);
INSERT INTO COUNTRIES VALUES('DE','Germany',1);
INSERT INTO COUNTRIES VALUES('UK','United Kingdom',1);
INSERT INTO COUNTRIES VALUES('US','United States of America',2);

SELECT * FROM COUNTRIES;



--DROP TABLE JOB_GRADES;
CREATE TABLE JOB_GRADES(
        GRADE_LEVEL CHAR(3) PRIMARY KEY,
        LOWEST_SAL INTEGER,
        HIGHEST_SAL INTEGER
        )

INSERT INTO JOB_GRADES VALUES('A',1000,2999);
INSERT INTO JOB_GRADES VALUES('B',3000,5999);
INSERT INTO JOB_GRADES VALUES('C',6000,9999);
INSERT INTO JOB_GRADES VALUES('D',10000,14999);
INSERT INTO JOB_GRADES VALUES('E',15000,24999);
INSERT INTO JOB_GRADES VALUES('F',25000,40000);

SELECT * FROM JOB_GRADES;



--ALTER TABLE LOCATIONS DROP PRIMARY KEY CASCADE;
--DROP TABLE LOCATIONS;
CREATE TABLE LOCATIONS(
        LOCATION_ID INTEGER PRIMARY KEY,
        STREET_ADDRESS CHAR(40),
        POSTAL_CODE CHAR(12),
        CITY CHAR(30) NOT NULL,
        STATE_PROVINCE CHAR(25),
        FOREIGN KEY COUNTRY_ID REFERENCES COUNTRIES
	)


INSERT INTO LOCATIONS VALUES(1400,'2014 Jabberwocky Rd','26192','Southlake','Texas','US');
INSERT INTO LOCATIONS VALUES(1500,'2011 Interiors Blvd','99236','South San Francisco','California','US');
INSERT INTO LOCATIONS VALUES(1700,'2011 2004 Charade Rd','98199','Seattle','Washington','US');
INSERT INTO LOCATIONS VALUES(1800,'460 Bloor St. W.','ON M5S 1X8','Toronto','Ontario','CA');
INSERT INTO LOCATIONS VALUES(2500,'Magdalen Centre, The Oxford Science Park','OX9 9ZB','Oxford','Oxford','UK');


--ALTER TABLE JOBS DROP PRIMARY KEY CASCADE;
--DROP TABLE JOBS;
CREATE TABLE JOBS(
        JOB_ID CHAR(10) PRIMARY KEY,
        JOB_TITLE CHAR(40) NOT NULL,
        MIN_SALARY INTEGER,
        MAX_SALARY INTEGER
        )

INSERT INTO JOBS VALUES('AD_PRES','President',20000,40000);
INSERT INTO JOBS VALUES('AD_VP','Administration Vice President',15000,30000);
INSERT INTO JOBS VALUES('AD_ASST','Administration Administration Assistant',3000,6000);
INSERT INTO JOBS VALUES('AC_MGR','Administration Accounting Manager',8200,16000);
INSERT INTO JOBS VALUES('AC_ACCOUNT','Public Accountant',4200,9000);
INSERT INTO JOBS VALUES('SA_MAN','Sales Manager',10000,20000);
INSERT INTO JOBS VALUES('SA_REP','Sales Representative',6000,12000);
INSERT INTO JOBS VALUES('ST_MAN','Stock Manager',5500,8500);
INSERT INTO JOBS VALUES('ST_CLERK','Stock Clerk',4000,10000);
INSERT INTO JOBS VALUES('IT_PROG','Programmer',2000,5000);
INSERT INTO JOBS VALUES('MK_MAN','Marketing Manager',9000,15000);
INSERT INTO JOBS VALUES('MK_REP','Marketing Representative',4000,9000);

SELECT * FROM JOBS;


--ALTER TABLE DEPARTMENTS DROP PRIMARY KEY CASCADE;
--DROP TABLE DEPARTMENTS;
CREATE TABLE DEPARTMENTS(
        DEPARTMENT_ID CHAR(4) PRIMARY KEY,
        DEPARTMENT_NAME CHAR(30) NOT NULL,
        MANAGER_ID CHAR(6),
        FOREIGN KEY LOCATION_ID REFERENCES LOCATIONS
        )


INSERT INTO DEPARTMENTS VALUES('10','Administration','200',1700);
INSERT INTO DEPARTMENTS VALUES('20','Marketing','201',1800);
INSERT INTO DEPARTMENTS VALUES('50','Shipping','124',1500);
INSERT INTO DEPARTMENTS VALUES('60','IT','103',1400);
INSERT INTO DEPARTMENTS VALUES('80','Sales','149',2500);
INSERT INTO DEPARTMENTS VALUES('90','Executive','100',1700);
INSERT INTO DEPARTMENTS VALUES('110','Accounting','205',1700);
INSERT INTO DEPARTMENTS VALUES('190','Contracting',NULL,1700);

SELECT * FROM DEPARTMENTS;



--ALTER TABLE EMPLOYEES DROP PRIMARY KEY CASCADE;
--DROP TABLE EMPLOYEES;
CREATE TABLE EMPLOYEES(
        EMPLOYEE_ID NUMERIC(6) PRIMARY KEY,
        FIRST_NAME CHAR(20),
        LAST_NAME CHAR(25) NOT NULL,
        EMAIL CHAR(25) CONSTRAINT EMP_EMAIL_UK UNIQUE,
        PHONE_NUMBER CHAR(20),
        HIRE_DATE DATE NOT NULL,
        SALARY NUMERIC(8,2) CONSTRAINT EMP_SALARY_MIN CHECK(SALARY>0),
        COMMISSION_PCT NUMERIC(2,2),
	    FOREIGN KEY JOB_ID REFERENCES JOBS,
	    FOREIGN KEY DEPARTMENT_ID REFERENCES DEPARTMENTS,
	    MANAGER_ID NUMERIC(6),
        FOREIGN KEY (MANAGER_ID)REFERENCES EMPLOYEES(EMPLOYEE_ID)
        )

INSERT INTO EMPLOYEES VALUES(100,'Steven','King','SKING','515.123.4567','1987/06/17',24000,NULL,NULL,'AD_PRES',90);
INSERT INTO EMPLOYEES VALUES(101,'Neena','Kochhar','NKOCHHAR','515.123.4568','1989/09/21',17000,NULL,100,'AD_VP',90);
INSERT INTO EMPLOYEES VALUES(102,'Lex','De Haan','LDEHAAN','515.123.4569','1993/01/13',17000,NULL,100,'AD_VP',90);
INSERT INTO EMPLOYEES VALUES(103,'Alexander','Hunold','AHUNOLD','590.423.4567','1990/07/03',9000,NULL,102,'IT_PROG',60);
INSERT INTO EMPLOYEES VALUES(104,'Bruce','Ernst','BERNST','590.423.4568','1991/05/21',6000,NULL,103,'IT_PROG',60);
INSERT INTO EMPLOYEES VALUES(107,'Diana','Lorentz','DLORENTZ','590.423.5567','1999/02/07',4200,NULL,103,'IT_PROG',60);
INSERT INTO EMPLOYEES VALUES(124,'Kevin','Mourgos','KMOURGOS','650.123.5234','1999/11/16',5800,NULL,100,'ST_MAN',50);
INSERT INTO EMPLOYEES VALUES(141,'Trenna','Rajs','TRAJS','650.121.8009','1995/10/17',3500,NULL,124,'ST_CLERK',50);
INSERT INTO EMPLOYEES VALUES(142,'Curtis','Davies','CDAVIES','650.121.2994','1997/01/29',3100,NULL,124,'ST_CLERK',50);
INSERT INTO EMPLOYEES VALUES(143,'Randall','Matos','RMATOS','650.121.2874','1998/03/15',2600,NULL,124,'ST_CLERK',50);
INSERT INTO EMPLOYEES VALUES(144,'Peter','Vargas','PVARGAS','650.121.2004','1998/07/09',2500,NULL,124,'ST_CLERK',50);
INSERT INTO EMPLOYEES VALUES(149,'Eleni','Zlotkey','EZLOTKEY','011.44.1344.429018','2000/01/29',10500,.2,100,'SA_MAN',80);
INSERT INTO EMPLOYEES VALUES(174,'Elien','Abel','EABEL','011.44.1644.429267','1996/05/11',11000,.3,149,'SA_REP',80);
INSERT INTO EMPLOYEES VALUES(176,'Jonathon','Taylor','JTAYLOR','011.44.1644.429265','1998/03/24',8600,.2,149,'SA_REP',80);
INSERT INTO EMPLOYEES VALUES(178,'Kimberely','Grant','KGRANT','011.44.1644.429263','1999/05/24',7000,.15,149,'SA_REP',NULL);
INSERT INTO EMPLOYEES VALUES(200,'Jennifer','Whalen','JWHALEN','515.123.4444','1987/09/17',4400,NULL,101,'AD_ASST',10);
INSERT INTO EMPLOYEES VALUES(201,'Michael','Hartstein','MHARTSTE','515.123.5555','1996/02/17',13000,NULL,100,'MK_MAN',20);
INSERT INTO EMPLOYEES VALUES(202,'Pat','Fay','PFAY','603.123.6666','1997/08/17',6000,NULL,201,'MK_REP',20);
INSERT INTO EMPLOYEES VALUES(205,'Shelley','Higgins','SHIGGINS','515.123.8080','1994/06/07',12000,NULL,101,'AC_MGR',110);
INSERT INTO EMPLOYEES VALUES(206,'William','Gietz','WGIETZ','515.123.8181','1994/06/07',8300,NULL,205,'AC_ACCOUNT',110);


SELECT * FROM EMPLOYEES;


--ALTER TABLE JOB_HISTORY DROP PRIMARY KEY CASCADE;
--DROP TABLE JOB_HISTORY;
CREATE TABLE JOB_HISTORY(
	EMPLOYEE_ID NUMERIC(6),        
        START_DATE DATE NOT NULL,
        END_DATE DATE NOT NULL,
        NOT NULL FOREIGN KEY JOB_ID REFERENCES JOBS,
    FOREIGN KEY DEPARTMENT_ID REFERENCES DEPARTMENTS,
        CONSTRAINT JHIST_EMP_ID_ST_DATE_PK PRIMARY KEY  (EMPLOYEE_ID,START_DATE),
        CONSTRAINT JHIST_DATE_INTERVAL CHECK(END_DATE>START_DATE),
	FOREIGN KEY EMPLOYEE_ID REFERENCES EMPLOYEES
	)

INSERT INTO JOB_HISTORY VALUES(102,'1993/01/13','1998/07/24','IT_PROG',60);
INSERT INTO JOB_HISTORY VALUES(101,'1989/09/21','1993/10/27','AC_ACCOUNT',110);
INSERT INTO JOB_HISTORY VALUES(101,'1993/10/28','1997/03/15','AC_MGR',110);
INSERT INTO JOB_HISTORY VALUES(201,'1996/02/17','1999/12/19','MK_REP',20);
INSERT INTO JOB_HISTORY VALUES(141,'1998/03/24','1999/12/31','ST_CLERK',50);
INSERT INTO JOB_HISTORY VALUES(124,'1999/01/01','1999/12/31','ST_CLERK',50);
INSERT INTO JOB_HISTORY VALUES(200,'1987/09/17','1993/06/17','AD_ASST',90);
INSERT INTO JOB_HISTORY VALUES(176,'1998/03/24','1998/12/31','SA_REP',80);
INSERT INTO JOB_HISTORY VALUES(176,'1999/01/01','1999/12/31','SA_MAN',80);
INSERT INTO JOB_HISTORY VALUES(200,'1994/07/01','1998/12/31','AC_ACCOUNT',90);

SELECT * FROM JOB_HISTORY;
